CloneNotSupportedException,
Exception,
IOException,
Exception,
Exception,
Exception,
Exception,
Exception,
Exception,
IOException,
ScoringFilterException,
Exception,
UnsupportedEncodingException,
Exception,
Exception,
Exception,
URLFilterException,
ScoringFilterException,
Exception,
IOException,
Exception,
IOException,
Throwable,
Exception,
Exception,
Exception,
NumberFormatException,
ScoringFilterException,
IOException,
Exception,
MalformedURLException,
Exception,
Exception,
Exception,
Exception,
MalformedURLException,
IOException,
IOException,
Exception,
Exception,
Exception,
Exception,
Exception,
Exception,
Exception,
Exception,
Exception,
IOException,
Exception,
MalformedURLException,
UnknownHostException,
InterruptedException,
Exception,
Exception,
Exception,
Throwable,
Throwable,
MalformedURLException,
ScoringFilterException,
Exception,
Exception,
Exception,
IOException,
IOException,
Exception,
UnknownHostException,
Exception,
IOException,
Exception,
Exception,
IOException,
Exception,
Exception,
Exception,
Exception,
UnknownHostException,Exception,
Exception,
Exception,
Exception,
Exception,
Exception,
InterruptedException,
InterruptedException,
IOException,
Exception,
Exception,
Exception,
ScoringFilterException,
IndexingException,
IOException,
Exception,
Exception,
Exception,
Exception,
Exception,
Exception,
Exception,
IndexingException,

Exception,
PluginRuntimeException,
IOException,
IOException,
IOException,
IOException,
IOException,
IOException,
ClassCastException,
Exception,
PluginRuntimeException,
PluginRuntimeException,
MalformedURLException,
Exception,

ScoringFilterException,
ScoringFilterException,
Exception,
MalformedURLException,
Exception,
Exception,
Exception,
NumberFormatException,
Exception,
Exception,
PluginRuntimeException,
PluginRuntimeException,
Exception,
ScoringFilterException,
NumberFormatException,

ParserNotFound,
ParserNotFound,
Exception,
ClassNotFoundException,InstantiationException,IllegalAccessException,
MalformedURLException,
MissingResourceException,
MissingResourceException,
Exception,
UnsupportedEncodingException,
PluginRuntimeException,
MissingDependencyException,CircularDependencyException,
ClassNotFoundException,InstantiationException,IllegalAccessException,NoSuchMethodException,InvocationTargetException,
Exception,
PluginRuntimeException,
Exception,
Exception,

MalformedURLException,PluginRuntimeException,
ParseException,
Exception,
MalformedURLException,
ProtocolNotFound,
MalformedURLException,
MalformedURLException,
Exception,
Exception,
ClassNotFoundException,
IOException,
IOException,
Exception,
Exception,
IOException,
IOException,
Exception,
IOException,
IOException,
IOException,
IOException,
Exception,
Exception,
IOException,
Exception,
Exception,
IOException,
Exception,
Exception,
Exception,
Exception,
IOException,
IOException,
IOException,
Exception,
Exception,
Exception,
PluginRuntimeException,
IOException,
Exception,
Exception,
IOException,
Exception,
Exception,
IOException,
IOException,
IOException,


Exception,
Exception,
Exception,
Exception,
Exception,
FileNotFoundException,IOException,
FileNotFoundException,IOException,
FileNotFoundException,IOException,
FileNotFoundException,IOException,
Exception,
FileNotFoundException,IOException,
FileNotFoundException,IOException,
Exception,
FileNotFoundException,IOException,
FileNotFoundException,IOException,
FileNotFoundException,IOException,
FileNotFoundException,IOException,
FileNotFoundException,IOException,
FileNotFoundException,IOException,
Exception,
InterruptedException,
Exception,
Exception,
Exception,
Exception,
Exception,
Exception,
Exception,
IOException,
URIException,
ParseException,
UnknownHostException,
UnknownHostException,
ParseException,
ParseException,
Exception,
Exception,
Throwable,
Exception,
Exception,
Exception,
IOException,
Exception,
Throwable,
Exception,
IOException,
IOException,
ParseException,

IOException,
Exception,
IOException,
Exception,
IOException,
IOException,
Exception,
MalformedURLException,
Exception,
JSONException,
JSONException,
JSONException,
JSONException,
JSONException,
IOException,ParseException,
Exception,

Exception,
Exception,
Exception,
Exception,
Exception,

Exception,
IOException,
Exception,
Exception,
Exception,
Exception,
Exception,
Exception,
IOException,
Exception,
UnknownHostException,
TimeoutException,BrokenBarrierException,InterruptedException,
InterruptedException,IllegalThreadStateException,
IllegalThreadStateException,
IOException,
IOException,
InterruptedIOException,Throwable,
InterruptedException,BrokenBarrierException,
MissingOptionException,
Exception,
Exception,
IOException,
Exception,
IOException,
Exception,
Exception,
Exception,
ParserConfigurationException,SAXException,
FileNotFoundException,SAXException,IOException,
UnsupportedEncodingException,IOException,TransformerConfigurationException,TransformerException,
Exception,
Exception,
Exception,
Exception,
Exception,
IOException,
IOException,
Exception,
IOException,
IOException,
IOException,
Exception,
Exception,
Exception,
MimeTypeException,
SQLException,
Exception,

IOException,
Exception,
MimeTypeException,
Exception,
IOException,IllegalStateException,
Exception,
Exception,
MalformedURLException,
MalformedURLException,
MalformedURLException,
Exception,
Exception,
Exception,
MalformedURLException,
Exception,
ExecutionException,
SQLException,
SQLException,
URISyntaxException,
Exception,
Exception,
SQLException,
SQLException,
SQLException,
SQLException,
SQLException,
SQLException,
SQLException,
Exception,
ClientHandlerException,
SQLException,
SQLException,
SQLException,
SQLException,
Exception,
Exception,
MalformedURLException,
MalformedURLException,
Exception,
MalformedURLException,
ParseException,
Exception,
Exception,
Exception,
ParserNotFound,
Exception,
MalformedURLException,
Exception,
Exception,
Exception,
Exception,
IOException,
Exception,
MalformedURLException,
MalformedURLException,
Exception,
ParseException,
PatternSyntaxException,
Exception,
Exception,
PatternSyntaxException,
PatternSyntaxException,
PatternSyntaxException,
NumberFormatException,
Exception,
RuntimeException,
Exception,
Exception,
Exception,
Exception,
JSONException,
JSONException,
IOException,
Exception,
Exception,
NoSuchAlgorithmException,
IOException,
InterruptedException,
UnsupportedEncodingException,IllegalArgumentException,
SolrServerException,
SolrServerException,
SolrServerException,
SolrServerException,
MalformedURLException,SAXException,IOException,ParserConfigurationException,
Exception,
Exception,
Exception,
Exception,
Exception,
Exception,
Exception,
Exception,
IOException,
Exception,
Exception,
Throwable,
Throwable,
MalformedURLException,
Exception,
IOException,
Exception,
Exception,
Exception,
Exception,
Exception,
Exception,
Exception,
Exception,
IOException,
UnrecognizedOptionException,Exception,
Exception,
Exception,
MalformedURLException,
MalformedURLException,
Exception,
Exception,
Exception,
MalformedURLException,
IOException,DOMException,SAXException,Exception,
SAXException,
Exception,
SAXException,
Exception,
MalformedURLException,
Exception,
Exception,
Exception,
MalformedURLException,
Exception,
Exception,
Exception,
Exception,
Exception,
Exception,
ClassNotFoundException,InstantiationException,Exception,
Exception,
Exception,
MalformedURLException,
MalformedURLException,
MalformedURLException,
Exception,
Exception,
Exception,
Exception,
MalformedURLException,
Exception,
Exception,
Exception,
Exception,
Exception,
Exception,
Exception,
ParseException,
IOException,
IOException,
Exception,
IOException,
Exception,
UnsupportedEncodingException,
NumberFormatException,
Exception,
IOException,
NumberFormatException,
MalformedServerReplyException,
FTPConnectionClosedException,
FTPConnectionClosedException,
Exception,
IOException,
FtpExceptionBadSystResponse,ParserInitializationException,
Exception,
Exception,
Exception,
FtpExceptionControlClosedByForcedDataClose,FtpExceptionCanNotHaveDataConnection,FtpExceptionUnknownForcedDataClose,
FtpExceptionControlClosedByForcedDataClose,FtpExceptionUnknownForcedDataClose,FtpExceptionCanNotHaveDataConnection,
Throwable,
IOException,
IOException,

NumberFormatException,
NumberFormatException,
NumberFormatException,
Exception,

NumberFormatException,
NumberFormatException,
Exception,
HttpAuthenticationException,


NumberFormatException,
Exception,

Exception,
Exception,
Exception,
Exception,
NumberFormatException,
Exception,

ClassNotFoundException,InstantiationException,IllegalAccessException,
NumberFormatException,
Exception,
NumberFormatException,
Exception,

NumberFormatException,
Exception,
Exception,
Exception,
JsonProcessingException,
Exception,
MalformedURLException,
Exception,
Exception,
Exception,
IOException,
Exception,
Exception,
FileNotFoundException,
Exception,
IOException,
IOException,
Exception,
IOException,
Exception,
IOException,
IOException,
MalformedURLException,
IOException,
NumberFormatException,
Exception,
URISyntaxException,
MalformedURLException,
IOException,
MalformedURLException,
IOException,
Exception,
PatternSyntaxException,
Exception,
Exception,
Exception,
IOException,
IOException,
IOException,
IOException,
Exception,
Exception,
ScoringFilterException,
IOException,
Exception,
Exception,
IllegalArgumentException,Exception,
IOException,
IOException,
IOException,
MalformedURLException,
MalformedURLException,
MalformedURLException,
IOException,
ProtocolNotFound,Exception,
Exception,
ProtocolNotFound,
Exception,
Exception,
IOException,
Throwable,
Exception,
Exception,
UnsupportedEncodingException,
IOException,
Exception,
